{
  "levels": [
    {
      "no": 1,
      "map": [
        { "values": [1, 1, 1, 2] },
        { "values": [1, 0, 2, 0] },
        { "values": [2, 2] },
        { "values": [0, 0] }
      ]
    },
    {
      "no": 2,
      "map": [
        { "values": [1, 2, 0, 1] },
        { "values": [1, 1] },
        { "values": [2, 2] },
        { "values": [0, 0, 0, 2] }
      ]
    },
    {
      "no": 3,
      "map": [
        { "values": [0] },
        { "values": [1, 1, 0] },
        { "values": [0, 2, 0, 1] },
        { "values": [2, 2, 2, 1] }
      ]
    },
    {
      "no": 4,
      "map": [
        { "values": [1, 0, 2, 0] },
        { "values": [1, 1, 1, 2] },
        { "values": [2, 2, 0] },
        { "values": [0] }
      ]
    },
    {
      "no": 5,
      "map": [
        { "values": [0, 0, 1] },
        { "values": [2, 2, 2, 0] },
        { "values": [1, 1] },
        { "values": [0, 2, 1] }
      ]
    },
    {
      "no": 6,
      "map": [
        { "values": [0, 1, 2, 2] },
        { "values": [0, 0, 2] },
        { "values": [1, 1, 1, 0] },
        { "values": [2] }
      ]
    },
    {
      "no": 7,
      "map": [
        { "values": [1, 1, 1, 0] },
        { "values": [1, 0, 2] },
        { "values": [0, 0, 2] },
        { "values": [2, 2] }
      ]
    },
    {
      "no": 8,
      "map": [
        { "values": [] },
        { "values": [2, 2, 2, 1] },
        { "values": [1, 1, 1, 0] },
        { "values": [0, 0, 0, 2] }
      ]
    },
    {
      "no": 9,
      "map": [
        { "values": [1, 2, 1] },
        { "values": [1] },
        { "values": [2, 2, 2, 0] },
        { "values": [0, 0, 0, 1] }
      ]
    },
    {
      "no": 10,
      "map": [
        { "values": [0, 0, 1] },
        { "values": [0, 2, 1, 1] },
        { "values": [2, 2, 2, 0] },
        { "values": [1] }
      ]
    },
    {
      "no": 11,
      "map": [
        { "values": [0, 0, 2] },
        { "values": [0, 1, 0, 2] },
        { "values": [2] },
        { "values": [1, 1, 1, 2] }
      ]
    },
    {
      "no": 12,
      "map": [
        { "values": [2, 2, 1] },
        { "values": [0, 0, 0, 1] },
        { "values": [1] },
        { "values": [2, 0, 2, 1] }
      ]
    },
    {
      "no": 13,
      "map": [
        { "values": [1, 1, 1, 2] },
        { "values": [2, 2, 0, 0] },
        { "values": [0] },
        { "values": [1, 2, 0] }
      ]
    },
    {
      "no": 14,
      "map": [
        { "values": [1, 2, 1, 0] },
        { "values": [] },
        { "values": [2, 2, 2, 0] },
        { "values": [0, 0, 1, 1] }
      ]
    },
    {
      "no": 15,
      "map": [
        { "values": [1, 1, 1, 2] },
        { "values": [0] },
        { "values": [2, 2, 2, 0] },
        { "values": [1, 0, 0] }
      ]
    },
    {
      "no": 16,
      "map": [
        { "values": [2, 2, 2, 0] },
        { "values": [0] },
        { "values": [2, 1, 0, 1] },
        { "values": [1, 1, 0] }
      ]
    },
    {
      "no": 17,
      "map": [
        { "values": [1, 2, 0, 1] },
        { "values": [1, 1, 2, 0] },
        { "values": [2, 2, 0, 0] },
        { "values": [] }
      ]
    },
    {
      "no": 18,
      "map": [
        { "values": [2, 2, 2, 1] },
        { "values": [0, 0, 1] },
        { "values": [2, 0, 3, 1] },
        { "values": [3, 3, 3, 0] },
        { "values": [1] }
      ]
    },
    {
      "no": 19,
      "map": [
        { "values": [0, 0, 2, 2] },
        { "values": [1, 1, 1, 0] },
        { "values": [0, 1, 2] },
        { "values": [2] }
      ]
    },
    {
      "no": 20,
      "map": [
        { "values": [0, 0, 0, 1] },
        { "values": [0, 3, 2] },
        { "values": [3, 3, 2, 2] },
        { "values": [2] },
        { "values": [1, 1, 1, 3] }
      ]
    },
    {
      "no": 21,
      "map": [
        { "values": [0, 0, 2, 1] },
        { "values": [0, 3, 1, 0] },
        { "values": [3, 3, 3, 2] },
        { "values": [2, 2, 1] },
        { "values": [1] }
      ]
    },
    {
      "no": 22,
      "map": [
        { "values": [2, 0] },
        { "values": [1, 1, 1, 2] },
        { "values": [0, 0, 2] },
        { "values": [2, 1, 0] }
      ]
    },
    {
      "no": 23,
      "map": [
        { "values": [2, 1, 3, 0] },
        { "values": [2, 2, 0, 1] },
        { "values": [] },
        { "values": [3, 3, 3, 2] },
        { "values": [0, 0, 1, 1] }
      ]
    },
    {
      "no": 24,
      "map": [
        { "values": [2, 2, 2, 0] },
        { "values": [1, 1, 3, 3] },
        { "values": [3] },
        { "values": [0, 0, 0, 1] },
        { "values": [2, 1, 3] }
      ]
    },
    {
      "no": 25,
      "map": [
        { "values": [2, 2, 1, 1] },
        { "values": [0, 0, 0, 2] },
        { "values": [2, 0, 1] },
        { "values": [1] }
      ]
    },
    {
      "no": 26,
      "map": [
        { "values": [1, 2, 1, 0] },
        { "values": [1, 1, 2, 0] },
        { "values": [2, 2, 0, 0] },
        { "values": [] }
      ]
    },
    {
      "no": 27,
      "map": [
        { "values": [1, 1, 2, 0] },
        { "values": [0, 0, 2] },
        { "values": [2] },
        { "values": [1, 1, 0, 2] }
      ]
    },
    {
      "no": 28,
      "map": [
        { "values": [1, 2] },
        { "values": [1, 1, 1, 3] },
        { "values": [3, 3, 3, 0] },
        { "values": [2, 2, 0] },
        { "values": [0, 0, 2] }
      ]
    },
    {
      "no": 29,
      "map": [
        { "values": [2, 2, 2, 0] },
        { "values": [2, 1, 0, 1] },
        { "values": [0, 0, 1] },
        { "values": [1] }
      ]
    },
    {
      "no": 30,
      "map": [
        { "values": [2, 2, 1] },
        { "values": [0, 2, 0, 2] },
        { "values": [0, 0, 1] },
        { "values": [1, 1] }
      ]
    },
    {
      "no": 31,
      "map": [
        { "values": [3, 3, 3, 1] },
        { "values": [1, 1, 1, 2] },
        { "values": [] },
        { "values": [3, 0, 2, 0] },
        { "values": [0, 0, 2, 2] }
      ]
    },
    {
      "no": 32,
      "map": [
        { "values": [1, 1, 1, 2] },
        { "values": [1, 0, 2, 0] },
        { "values": [2, 2, 0, 0] },
        { "values": [] }
      ]
    },
    {
      "no": 33,
      "map": [
        { "values": [3, 3, 3, 0] },
        { "values": [3, 2, 1, 2] },
        { "values": [2] },
        { "values": [1, 1, 2] },
        { "values": [0, 0, 0, 1] }
      ]
    },
    {
      "no": 34,
      "map": [
        { "values": [3, 3, 3, 2] },
        { "values": [0, 0, 1, 1] },
        { "values": [2, 2, 2, 0] },
        { "values": [3, 0, 1] },
        { "values": [1] }
      ]
    },
    {
      "no": 35,
      "map": [
        { "values": [2, 2, 1, 1] },
        { "values": [1] },
        { "values": [0, 0, 0, 2] },
        { "values": [2, 0, 1] }
      ]
    },
    {
      "no": 36,
      "map": [
        { "values": [0, 0, 0, 2] },
        { "values": [] },
        { "values": [2, 2, 1, 1] },
        { "values": [0, 1, 2, 1] }
      ]
    },
    {
      "no": 37,
      "map": [
        { "values": [0, 0, 0, 1] },
        { "values": [1, 1, 1, 3] },
        { "values": [3, 3, 3, 2] },
        { "values": [2, 2] },
        { "values": [0, 2] }
      ]
    },
    {
      "no": 38,
      "map": [
        { "values": [1, 1, 1, 0] },
        { "values": [] },
        { "values": [1, 3, 2, 3] },
        { "values": [0, 0, 3, 3] },
        { "values": [2, 2, 2, 0] }
      ]
    },
    {
      "no": 39,
      "map": [
        { "values": [] },
        { "values": [1, 1, 1, 2] },
        { "values": [0, 1, 0, 0] },
        { "values": [2, 2, 2, 0] }
      ]
    },
    {
      "no": 40,
      "map": [
        { "values": [1] },
        { "values": [3, 3, 3, 2] },
        { "values": [0, 0, 0, 1] },
        { "values": [2, 2, 1] },
        { "values": [1, 3, 0, 2] }
      ]
    },
    {
      "no": 41,
      "map": [
        { "values": [2, 1, 3, 3] },
        { "values": [2, 2, 2, 0] },
        { "values": [] },
        { "values": [1, 1, 1, 3] },
        { "values": [0, 0, 0, 3] }
      ]
    },
    {
      "no": 42,
      "map": [
        { "values": [2, 2, 2, 1] },
        { "values": [0] },
        { "values": [2, 0, 0] },
        { "values": [1, 1, 1, 0] }
      ]
    },
    {
      "no": 43,
      "map": [
        { "values": [2, 2, 1, 0] },
        { "values": [2, 0, 1, 2] },
        { "values": [] },
        { "values": [1, 1, 0, 0] }
      ]
    },
    {
      "no": 44,
      "map": [
        { "values": [1, 0, 2, 0] },
        { "values": [0, 0, 1, 2] },
        { "values": [] },
        { "values": [2, 2, 1, 1] }
      ]
    },
    {
      "no": 45,
      "map": [
        { "values": [2, 2, 3, 0] },
        { "values": [] },
        { "values": [0, 0, 3, 3] },
        { "values": [1, 1, 1, 2] },
        { "values": [2, 3, 1, 0] }
      ]
    },
    {
      "no": 46,
      "map": [
        { "values": [0, 0, 1] },
        { "values": [2, 2, 2, 0] },
        { "values": [1] },
        { "values": [2, 0, 1, 1] }
      ]
    },
    {
      "no": 47,
      "map": [
        { "values": [0, 0, 2, 1] },
        { "values": [1, 1, 2] },
        { "values": [2] },
        { "values": [0, 1, 0, 2] }
      ]
    },
    {
      "no": 48,
      "map": [
        { "values": [2, 2, 2, 3] },
        { "values": [1, 1, 1, 2] },
        { "values": [0, 0, 3] },
        { "values": [3, 0, 3] },
        { "values": [1, 0] }
      ]
    },
    {
      "no": 49,
      "map": [
        { "values": [1, 1, 1, 0] },
        { "values": [2, 2, 0] },
        { "values": [3, 3, 3, 2] },
        { "values": [0] },
        { "values": [1, 3, 2, 0] }
      ]
    },
    {
      "no": 50,
      "map": [
        { "values": [0, 3, 2, 1] },
        { "values": [0, 0, 0, 1] },
        { "values": [3, 3, 1] },
        { "values": [2, 2, 2, 3] },
        { "values": [1] }
      ]
    },
    {
      "no": 51,
      "map": [
        { "values": [1, 1, 1, 2] },
        { "values": [2, 2, 0] },
        { "values": [1, 2, 0, 0] },
        { "values": [0] }
      ]
    },
    {
      "no": 52,
      "map": [
        { "values": [1, 1, 1, 0] },
        { "values": [1, 3, 2, 3] },
        { "values": [3, 3, 0, 2] },
        { "values": [2] },
        { "values": [0, 0, 2] }
      ]
    },
    {
      "no": 53,
      "map": [
        { "values": [0, 0, 0, 1] },
        { "values": [2, 2, 2, 4] },
        { "values": [1, 1, 3, 3] },
        { "values": [4, 4, 4, 1] },
        { "values": [3] },
        { "values": [0, 2, 3] }
      ]
    },
    {
      "no": 54,
      "map": [
        { "values": [1, 1, 1, 2] },
        { "values": [0, 0, 0, 2] },
        { "values": [1, 0, 3, 3] },
        { "values": [2, 2, 3] },
        { "values": [3] }
      ]
    },
    {
      "no": 55,
      "map": [
        { "values": [3, 3, 3, 0] },
        { "values": [3, 1, 2, 1] },
        { "values": [0, 0, 0, 2] },
        { "values": [1] },
        { "values": [2, 2, 1] }
      ]
    },
    {
      "no": 56,
      "map": [
        { "values": [4, 4, 4, 0] },
        { "values": [3, 3, 3, 2] },
        { "values": [1, 1, 2] },
        { "values": [0, 0, 0, 1] },
        { "values": [4, 3, 1, 2] },
        { "values": [2] }
      ]
    },
    {
      "no": 57,
      "map": [
        { "values": [0, 0, 2, 2] },
        { "values": [1, 1, 1, 2] },
        { "values": [3, 3, 3, 0] },
        { "values": [0, 1, 3, 2] },
        { "values": [] }
      ]
    },
    {
      "no": 58,
      "map": [
        { "values": [3, 3, 3, 2] },
        { "values": [4, 4, 4, 1] },
        { "values": [3, 4, 0] },
        { "values": [0, 0, 2] },
        { "values": [1, 1, 0] },
        { "values": [2, 2, 1] }
      ]
    },
    {
      "no": 59,
      "map": [
        { "values": [3, 3, 3, 1] },
        { "values": [2, 2, 2, 0] },
        { "values": [0, 0, 1, 1] },
        { "values": [3, 2, 0, 1] },
        { "values": [] }
      ]
    },
    {
      "no": 60,
      "map": [
        { "values": [] },
        { "values": [3, 3, 3, 0] },
        { "values": [0, 3, 2, 1] },
        { "values": [2, 2, 0, 0] },
        { "values": [1, 1, 1, 2] }
      ]
    },
    {
      "no": 61,
      "map": [
        { "values": [1, 1, 1, 3] },
        { "values": [0, 2] },
        { "values": [3, 3, 3, 2] },
        { "values": [1, 2, 0] },
        { "values": [0, 0, 2] }
      ]
    },
    {
      "no": 62,
      "map": [
        { "values": [2, 2, 2, 0] },
        { "values": [0, 0, 3] },
        { "values": [4, 4, 4, 0] },
        { "values": [3, 3, 1] },
        { "values": [2, 4, 1] },
        { "values": [1, 1, 3] }
      ]
    },
    {
      "no": 63,
      "map": [
        { "values": [3, 3, 3, 1] },
        { "values": [3, 2, 4, 1] },
        { "values": [] },
        { "values": [2, 2, 2, 0] },
        { "values": [0, 0, 1, 1] },
        { "values": [4, 4, 4, 0] }
      ]
    },
    {
      "no": 64,
      "map": [
        { "values": [2, 2, 2, 1] },
        { "values": [0, 0, 0, 3] },
        { "values": [2, 0, 3, 1] },
        { "values": [3] },
        { "values": [1, 1, 3] }
      ]
    },
    {
      "no": 65,
      "map": [
        { "values": [3, 3, 3, 1] },
        { "values": [3, 2, 0, 2] },
        { "values": [] },
        { "values": [0, 0, 2, 0] },
        { "values": [1, 1, 1, 2] }
      ]
    },
    {
      "no": 66,
      "map": [
        { "values": [2, 0, 1, 2] },
        { "values": [] },
        { "values": [0, 0, 0, 3] },
        { "values": [3, 3, 2, 2] },
        { "values": [1, 1, 1, 3] }
      ]
    },
    {
      "no": 67,
      "map": [
        { "values": [3, 3, 3, 1] },
        { "values": [2, 2, 2, 0] },
        { "values": [3, 2, 4, 1] },
        { "values": [4, 4, 0, 1] },
        { "values": [0, 0, 4, 1] },
        { "values": [] }
      ]
    },
    {
      "no": 68,
      "map": [
        { "values": [2, 2, 2, 4] },
        { "values": [3, 3, 0, 4] },
        { "values": [2, 3, 1, 0] },
        { "values": [1, 1, 1, 3] },
        { "values": [4] },
        { "values": [0, 0, 4] }
      ]
    },
    {
      "no": 69,
      "map": [
        { "values": [0, 0, 0, 2] },
        { "values": [3, 3, 3, 1] },
        { "values": [0, 3, 4] },
        { "values": [1, 1, 4, 4] },
        { "values": [2, 2, 2, 1] },
        { "values": [4] }
      ]
    },
    {
      "no": 70,
      "map": [
        { "values": [1, 1, 1, 0] },
        { "values": [2, 2, 3, 0] },
        { "values": [1, 2, 3, 2] },
        { "values": [3, 3, 0] },
        { "values": [0] }
      ]
    },
    {
      "no": 71,
      "map": [
        { "values": [3, 3, 3, 1] },
        { "values": [1, 1, 1, 0] },
        { "values": [0, 0, 2, 2] },
        { "values": [2] },
        { "values": [3, 0, 2] }
      ]
    },
    {
      "no": 72,
      "map": [
        { "values": [2, 2, 2, 0] },
        { "values": [1, 1, 1, 3] },
        { "values": [3, 3, 0, 0] },
        { "values": [2, 1, 3, 0] },
        { "values": [] }
      ]
    },
    {
      "no": 73,
      "map": [
        { "values": [1, 1, 0] },
        { "values": [3, 1, 0, 2] },
        { "values": [3, 3, 1, 0] },
        { "values": [0] },
        { "values": [2, 2, 2, 3] }
      ]
    },
    {
      "no": 74,
      "map": [
        { "values": [1, 0, 2, 3] },
        { "values": [1, 1, 1, 3] },
        { "values": [0, 0, 0, 2] },
        { "values": [3] },
        { "values": [2, 2, 3] }
      ]
    },
    {
      "no": 75,
      "map": [
        { "values": [0, 0, 0, 2] },
        { "values": [0, 1, 3] },
        { "values": [2, 2, 2, 1] },
        { "values": [1, 1, 3, 3] },
        { "values": [3] }
      ]
    },
    {
      "no": 76,
      "map": [
        { "values": [0, 0, 0, 2] },
        { "values": [0, 1, 3, 1] },
        { "values": [1, 2] },
        { "values": [3, 3, 3, 1] },
        { "values": [2, 2] }
      ]
    },
    {
      "no": 77,
      "map": [
        { "values": [1, 1, 1, 0] },
        { "values": [1, 2, 4, 3] },
        { "values": [0, 0, 0, 3] },
        { "values": [3, 3, 2, 4] },
        { "values": [2, 2, 4] },
        { "values": [4] }
      ]
    },
    {
      "no": 78,
      "map": [
        { "values": [1, 1, 1, 0] },
        { "values": [4, 4, 4, 2] },
        { "values": [3, 3, 2] },
        { "values": [0, 0, 0, 3] },
        { "values": [4, 1, 3, 2] },
        { "values": [2] }
      ]
    },
    {
      "no": 79,
      "map": [
        { "values": [0, 0, 0, 2] },
        { "values": [1, 1, 1, 3] },
        { "values": [3, 3, 2, 2] },
        { "values": [] },
        { "values": [0, 1, 3, 2] }
      ]
    },
    {
      "no": 80,
      "map": [
        { "values": [3, 3, 3, 2] },
        { "values": [3, 0, 1] },
        { "values": [0, 0, 1] },
        { "values": [2, 2, 2, 0] },
        { "values": [1, 1] }
      ]
    },
    {
      "no": 81,
      "map": [
        { "values": [0, 0, 0, 3] },
        { "values": [1, 1, 2, 2] },
        { "values": [3, 3, 3, 1] },
        { "values": [2] },
        { "values": [0, 1, 2] }
      ]
    },
    {
      "no": 82,
      "map": [
        { "values": [1, 1, 1, 2] },
        { "values": [1, 3, 0, 3] },
        { "values": [3, 3, 0, 2] },
        { "values": [0, 0, 2, 2] },
        { "values": [] }
      ]
    },
    {
      "no": 83,
      "map": [
        { "values": [0, 0, 0, 3] },
        { "values": [3, 3, 3, 2] },
        { "values": [1, 1, 2, 4] },
        { "values": [0, 1, 4, 1] },
        { "values": [2, 2, 4, 4] },
        { "values": [] }
      ]
    },
    {
      "no": 84,
      "map": [
        { "values": [4, 4, 4, 2] },
        { "values": [3, 3, 0, 2] },
        { "values": [4, 3, 1, 0] },
        { "values": [1, 1, 1, 3] },
        { "values": [0, 0, 2, 2] },
        { "values": [] }
      ]
    },
    {
      "no": 85,
      "map": [
        { "values": [3, 3, 3, 1] },
        { "values": [1, 1, 1, 0] },
        { "values": [3, 4, 5, 2] },
        { "values": [4, 4, 0, 2] },
        { "values": [5, 5, 5, 4] },
        { "values": [0, 0, 2, 2] },
        { "values": [] }
      ]
    },
    {
      "no": 86,
      "map": [
        { "values": [0, 4, 3, 1] },
        { "values": [0, 0, 0, 1] },
        { "values": [4, 4, 4, 2] },
        { "values": [3, 3, 1, 1] },
        { "values": [] },
        { "values": [2, 2, 2, 3] }
      ]
    },
    {
      "no": 87,
      "map": [
        { "values": [4, 0, 3, 1] },
        { "values": [4, 4, 4, 1] },
        { "values": [0, 0, 0, 3] },
        { "values": [1, 1, 2] },
        { "values": [3, 3, 2, 2] },
        { "values": [2] }
      ]
    },
    {
      "no": 88,
      "map": [
        { "values": [4, 4, 4, 0] },
        { "values": [3, 3, 3, 2] },
        { "values": [1, 1, 5, 5] },
        { "values": [2, 2, 2, 5] },
        { "values": [0, 0, 0, 1] },
        { "values": [4, 3, 1, 5] },
        { "values": [] }
      ]
    },
    {
      "no": 89,
      "map": [
        { "values": [3, 3, 3, 2] },
        { "values": [0, 0, 1, 1] },
        { "values": [4, 4, 4, 1] },
        { "values": [2, 2, 2, 0] },
        { "values": [3, 0, 4, 1] },
        { "values": [] }
      ]
    },
    {
      "no": 90,
      "map": [
        { "values": [1, 1, 1, 2] },
        { "values": [2, 2, 2, 0] },
        { "values": [1, 4, 5, 3] },
        { "values": [4, 4, 5, 3] },
        { "values": [5, 5, 3] },
        { "values": [0, 0, 0, 4] },
        { "values": [3] }
      ]
    },
    {
      "no": 91,
      "map": [
        { "values": [1, 1, 1, 2] },
        { "values": [4, 4, 4, 0] },
        { "values": [3, 3, 3, 0] },
        { "values": [1, 4, 3, 5] },
        { "values": [] },
        { "values": [5, 5, 0, 0] },
        { "values": [2, 2, 2, 5] }
      ]
    },
    {
      "no": 92,
      "map": [
        { "values": [2, 2, 2, 3] },
        { "values": [2, 0, 1, 4] },
        { "values": [] },
        { "values": [1, 1, 1, 5] },
        { "values": [3, 3, 3, 0] },
        { "values": [5, 5, 0, 0] },
        { "values": [4, 4, 4, 5] }
      ]
    },
    {
      "no": 93,
      "map": [
        { "values": [3, 3, 3, 4] },
        { "values": [3, 2, 1] },
        { "values": [4, 4, 4, 0] },
        { "values": [0, 0, 1] },
        { "values": [2, 2, 2, 0] },
        { "values": [1, 1] }
      ]
    },
    {
      "no": 94,
      "map": [
        { "values": [4, 4, 4, 0] },
        { "values": [4, 3, 2, 3] },
        { "values": [0, 0, 0, 1] },
        { "values": [3, 3, 2, 1] },
        { "values": [2, 2, 1] },
        { "values": [1] }
      ]
    },
    {
      "no": 95,
      "map": [
        { "values": [3, 3, 3, 2] },
        { "values": [4, 4, 4, 1] },
        { "values": [1, 1, 2, 0] },
        { "values": [3, 4, 1, 0] },
        { "values": [2, 0, 2, 0] },
        { "values": [] }
      ]
    },
    {
      "no": 96,
      "map": [
        { "values": [3, 3, 3, 4] },
        { "values": [4, 4, 1, 2] },
        { "values": [3, 4, 2, 0] },
        { "values": [] },
        { "values": [1, 1, 2, 2] },
        { "values": [0, 0, 0, 1] }
      ]
    },
    {
      "no": 97,
      "map": [
        { "values": [4, 4, 4, 1] },
        { "values": [3, 3, 3, 2] },
        { "values": [0, 0, 0, 5] },
        { "values": [1, 1, 2, 2] },
        { "values": [5, 5, 5, 1] },
        { "values": [] },
        { "values": [3, 4, 0, 2] }
      ]
    },
    {
      "no": 98,
      "map": [
        { "values": [3, 3, 3, 2] },
        { "values": [2, 2, 2, 0] },
        { "values": [0, 1] },
        { "values": [4, 4, 4, 0] },
        { "values": [1, 1, 0] },
        { "values": [3, 4, 1] }
      ]
    },
    {
      "no": 99,
      "map": [
        { "values": [5, 5, 5, 1] },
        { "values": [3, 3, 3, 0] },
        { "values": [1, 1, 1, 2] },
        { "values": [3, 5, 4, 2] },
        { "values": [2] },
        { "values": [4, 4, 2] },
        { "values": [0, 0, 0, 4] }
      ]
    },
    {
      "no": 100,
      "map": [
        { "values": [5, 5, 5, 0] },
        { "values": [0, 0, 0, 2] },
        { "values": [2, 2, 3, 4] },
        { "values": [5, 1, 3, 2] },
        { "values": [1, 1, 1, 4] },
        { "values": [3, 3, 4] },
        { "values": [4] }
      ]
    }
  ]
}
