{"levels":[{"no":1,"map":[{"values":[0,0,0,4]},{"values":[1,1,1,3]},{"values":[2,2,3,3]},{"values":[4,4,4,2]},{"values":[0,1,2,3]},{"values":[]}]},{"no":2,"map":[{"values":[1,2,3,0]},{"values":[4,4,2,0]},{"values":[1,1,1,4]},{"values":[3,3,3,4]},{"values":[2,2,0,0]},{"values":[]}]},{"no":3,"map":[{"values":[0,0,0,2]},{"values":[1,1,1,0]},{"values":[3,4]},{"values":[2,2,2,3]},{"values":[1,3,4]},{"values":[4,4,3]}]},{"no":4,"map":[{"values":[4,4,4,0]},{"values":[0,0,0,3]},{"values":[2,2,3,1]},{"values":[4,2,1,2]},{"values":[3]},{"values":[1,1,3]}]},{"no":5,"map":[{"values":[2,2,2,0]},{"values":[4,4,4,3]},{"values":[2,4,1]},{"values":[1,1,3]},{"values":[0,0,1]},{"values":[3,3,0]}]},{"no":6,"map":[{"values":[3,3,3,2]},{"values":[4,4,4,1]},{"values":[3,4,0,2]},{"values":[2]},{"values":[1,1,2]},{"values":[0,0,0,1]}]},{"no":7,"map":[{"values":[3,3,3,2]},{"values":[2,2,2,4]},{"values":[4,4,0]},{"values":[1,1,1,4]},{"values":[0,0]},{"values":[3,1,0]}]},{"no":8,"map":[{"values":[0,0,3,4]},{"values":[2,2,2,1]},{"values":[4]},{"values":[0,2,4,3]},{"values":[1,1,1,0]},{"values":[3,3,4]}]},{"no":9,"map":[{"values":[3,3,3,1]},{"values":[2,2,2,0]},{"values":[1,1,1,4]},{"values":[3,2,0,4]},{"values":[0,0,4,4]},{"values":[]}]},{"no":10,"map":[{"values":[2,1,4,0]},{"values":[2,2,2,3]},{"values":[1]},{"values":[4,4,4,1]},{"values":[3,3,1]},{"values":[0,0,0,3]}]},{"no":11,"map":[{"values":[4,4,4,0]},{"values":[1,1,1,2]},{"values":[0,0,2,2]},{"values":[3,3,3,0]},{"values":[4,1,3,2]},{"values":[]}]},{"no":12,"map":[{"values":[3,3,3,4]},{"values":[3,1,2,5]},{"values":[2,2,2,0]},{"values":[1,1,5,0]},{"values":[4,4,4,1]},{"values":[5,5,0,0]},{"values":[]}]},{"no":13,"map":[{"values":[3,3,3,4]},{"values":[0,0,0,1]},{"values":[4,4,2]},{"values":[1,1,1,4]},{"values":[2,2]},{"values":[3,0,2]}]},{"no":14,"map":[{"values":[4,4,4,5]},{"values":[1,1,1,3]},{"values":[4,1,2,0]},{"values":[5,5,0,3]},{"values":[2,2,2,5]},{"values":[0,0,3]},{"values":[3]}]},{"no":15,"map":[{"values":[3,3,3,0]},{"values":[1,1,1,4]},{"values":[0,0,0,4]},{"values":[2,2,2,5]},{"values":[4,4,5]},{"values":[5]},{"values":[3,1,2,5]}]},{"no":16,"map":[{"values":[5,5,5,0]},{"values":[0,0,0,4]},{"values":[2,2,3,4]},{"values":[1,1,1,2]},{"values":[4,4,3]},{"values":[3]},{"values":[5,2,1,3]}]},{"no":17,"map":[{"values":[0,0,0,3]},{"values":[1,1,4,3]},{"values":[2,1]},{"values":[3,3,2]},{"values":[4,4,4,2]},{"values":[0,2,1]}]},{"no":18,"map":[{"values":[1,3,2,0]},{"values":[1,1,1,4]},{"values":[3,3,3,5]},{"values":[2,2,4,5]},{"values":[0,0,0,2]},{"values":[4,4,5]},{"values":[5]}]},{"no":19,"map":[{"values":[2,2,2,1]},{"values":[1,1,1,4]},{"values":[3,3,4,4]},{"values":[0,0,0,3]},{"values":[]},{"values":[2,3,0,4]}]},{"no":20,"map":[{"values":[2,2,2,1]},{"values":[1,1,1,0]},{"values":[3,3,4,0]},{"values":[4,4,0]},{"values":[0]},{"values":[2,3,4,3]}]},{"no":21,"map":[{"values":[5,5,5,4]},{"values":[2,2,2,1]},{"values":[5,2,3,0]},{"values":[]},{"values":[3,3,4,4]},{"values":[0,0,0,4]},{"values":[1,1,1,3]}]},{"no":22,"map":[{"values":[4,4,4,2]},{"values":[0,0,0,1]},{"values":[3,3,5]},{"values":[2,2,2,3]},{"values":[1,1,5]},{"values":[4,0,3,1]},{"values":[5,5]}]},{"no":23,"map":[{"values":[0,0,0,2]},{"values":[5,5,5,4]},{"values":[3,3,4,1]},{"values":[0,5,3,1]},{"values":[2,2,2,3]},{"values":[4,4,1,1]},{"values":[]}]},{"no":24,"map":[{"values":[0,0,0,4]},{"values":[4,4,4,2]},{"values":[3,2,2,2]},{"values":[1,1,1,3]},{"values":[0,3,1,3]},{"values":[]}]},{"no":25,"map":[{"values":[5,5,5,2]},{"values":[1,1,1,0]},{"values":[4,4,4,3]},{"values":[2,2,0]},{"values":[3,3,3,2]},{"values":[0]},{"values":[5,1,4,0]}]},{"no":26,"map":[{"values":[1,1,1,2]},{"values":[3,3,3,0]},{"values":[5,5,0,4]},{"values":[1,3,5,4]},{"values":[2,2,2,5]},{"values":[]},{"values":[4,4,0,0]}]},{"no":27,"map":[{"values":[0,0,0,4]},{"values":[2,2,2,1]},{"values":[0,2,3,4]},{"values":[]},{"values":[3,3,4,4]},{"values":[1,1,1,3]}]},{"no":28,"map":[{"values":[2,2,2,3]},{"values":[3,3,3,1]},{"values":[1,1,1,5]},{"values":[5,5,5,0]},{"values":[0,0,4]},{"values":[4,4]},{"values":[2,0,4]}]},{"no":29,"map":[{"values":[3,3,3,5]},{"values":[5,5,5,2]},{"values":[1,1,1,0]},{"values":[4]},{"values":[2,2,2,4]},{"values":[0,0,0,4]},{"values":[3,1,4]}]},{"no":30,"map":[{"values":[2,2,2,3]},{"values":[4,4,4,1]},{"values":[3,3,0,1]},{"values":[0]},{"values":[2,4,0,3]},{"values":[1,1,0]}]},{"no":31,"map":[{"values":[3,3,3,4]},{"values":[2,2,2,1]},{"values":[0,0,1,1]},{"values":[4,4,4,0]},{"values":[3,2,0,1]},{"values":[]}]},{"no":32,"map":[{"values":[6,6,6,2]},{"values":[5,5,5,3]},{"values":[3,3,3,4]},{"values":[6,5,1,2]},{"values":[2,2,1,0]},{"values":[1,1,0,0]},{"values":[4,4,4,0]},{"values":[]}]},{"no":33,"map":[{"values":[0,0,0,6]},{"values":[4,4,4,5]},{"values":[6,6,2,3]},{"values":[1,1,1,3]},{"values":[0,4,1,2]},{"values":[5,5,5,6]},{"values":[2,2,3]},{"values":[3]}]},{"no":34,"map":[{"values":[3,3,3,0]},{"values":[4,4,4,1]},{"values":[0,0,0,5]},{"values":[2,2,5]},{"values":[5]},{"values":[1,1,1,2]},{"values":[3,4,2,5]}]},{"no":35,"map":[{"values":[2,5,1,4]},{"values":[2,2,2,3]},{"values":[5,5,5,0]},{"values":[1,1,1,6]},{"values":[6,6,3,4]},{"values":[0,0,0,6]},{"values":[3,3,4,4]},{"values":[]}]},{"no":36,"map":[{"values":[1,1,1,4]},{"values":[5,5,5,0]},{"values":[2,2,6,3]},{"values":[0,0,0,2]},{"values":[6,6,3,3]},{"values":[4,4,4,6]},{"values":[]},{"values":[1,5,2,3]}]},{"no":37,"map":[{"values":[0,0,0,1]},{"values":[2,2,2,4]},{"values":[3,3,3,5]},{"values":[5,5,4,4]},{"values":[0,2,3,5]},{"values":[]},{"values":[1,1,1,4]}]},{"no":38,"map":[{"values":[2,2,2,0]},{"values":[2,1,4,5]},{"values":[1,1,3,5]},{"values":[4,4,4,1]},{"values":[0,0,0,3]},{"values":[3,3,5,5]},{"values":[]}]},{"no":39,"map":[{"values":[4,4,4,0]},{"values":[1,1,1,2]},{"values":[5,5,5,2]},{"values":[4,1,5,0]},{"values":[2,2,3]},{"values":[0,0,3,3]},{"values":[3]}]},{"no":40,"map":[{"values":[3,3,3,5]},{"values":[0,0,0,2]},{"values":[4,4,1,1]},{"values":[5,5,5,4]},{"values":[3,0,4,1]},{"values":[2,2,2,1]},{"values":[]}]},{"no":41,"map":[{"values":[3,3,3,4]},{"values":[3,1,2,0]},{"values":[4,4,4,5]},{"values":[1,1,0,5]},{"values":[2,2,2,1]},{"values":[]},{"values":[5,5,0,0]}]},{"no":42,"map":[{"values":[1,1,1,2]},{"values":[5,5,5,0]},{"values":[6,6,6,3]},{"values":[5,1,6,4]},{"values":[0,0,4,2]},{"values":[3,3,3,0]},{"values":[]},{"values":[4,4,2,2]}]},{"no":43,"map":[{"values":[4,4,4,6]},{"values":[1,1,1,5]},{"values":[6,6,6,0]},{"values":[5,5,0,3]},{"values":[2,2,2,3]},{"values":[0,0,3,3]},{"values":[4,1,2,5]},{"values":[]}]},{"no":44,"map":[{"values":[1,1,1,4]},{"values":[2,2,2,0]},{"values":[1,2,5,3]},{"values":[5,5,5,0]},{"values":[0]},{"values":[3,3,3,4]},{"values":[4,4,0]}]},{"no":45,"map":[{"values":[2,2,2,0]},{"values":[1,1,0,0]},{"values":[2,1,4,0]},{"values":[4,4,4,3]},{"values":[3,3,3,5]},{"values":[5,5,5,1]},{"values":[]}]},{"no":46,"map":[{"values":[0,0,0,3]},{"values":[4,4,4,2]},{"values":[1,1,1,5]},{"values":[3,3,3,5]},{"values":[5,5,2,2]},{"values":[]},{"values":[0,4,1,2]}]},{"no":47,"map":[{"values":[3,3,3,1]},{"values":[5,5,5,0]},{"values":[]},{"values":[1,1,2,2]},{"values":[0,0,0,4]},{"values":[3,5,2,2]},{"values":[4,4,4,1]}]},{"no":48,"map":[{"values":[4,4,4,2]},{"values":[2,2,2,1]},{"values":[4,0,3,5]},{"values":[0,0,1]},{"values":[3,3,3,0]},{"values":[1]},{"values":[5,5,5,1]}]},{"no":49,"map":[{"values":[2,2,2,4]},{"values":[2,0,6,1]},{"values":[6,6,6,5]},{"values":[0,0,5,3]},{"values":[4,4,4,3]},{"values":[1,1,1,0]},{"values":[5]},{"values":[3,3,5]}]},{"no":50,"map":[{"values":[5,5,5,2]},{"values":[1,1,1,3]},{"values":[5,1,0,4]},{"values":[0,0,4,3]},{"values":[2,2,2,0]},{"values":[4,4,3]},{"values":[3]}]},{"no":51,"map":[{"values":[3,2,4,5]},{"values":[3,3,3,6]},{"values":[2,2,2,1]},{"values":[4,4,4,0]},{"values":[6]},{"values":[5,5,5,6]},{"values":[1,1,6]},{"values":[0,0,0,1]}]},{"no":52,"map":[{"values":[2,2,2,6]},{"values":[7,7,7,0]},{"values":[5,5,5,1]},{"values":[0,0,0,3]},{"values":[6,6,4,3]},{"values":[1,1,1,6]},{"values":[2,7,5,3]},{"values":[]},{"values":[4,4,4,3]}]},{"no":53,"map":[{"values":[4,4,4,0]},{"values":[0,0,0,1]},{"values":[6,6,5,3]},{"values":[4,6,3,2]},{"values":[1,1,1,6]},{"values":[]},{"values":[2,2,3,3]},{"values":[5,5,5,2]}]},{"no":54,"map":[{"values":[3,3,3,7]},{"values":[2,2,2,4]},{"values":[1,1,1,5]},{"values":[5,5,5,0]},{"values":[3,2,1,0]},{"values":[7,7,7,6]},{"values":[4,4,4,6]},{"values":[]},{"values":[6,6,0,0]}]},{"no":55,"map":[{"values":[6,6,6,4]},{"values":[6,5,0,2]},{"values":[5,5,5,3]},{"values":[0,0,0,1]},{"values":[4,4,3,1]},{"values":[2,2,2,4]},{"values":[3,3,1]},{"values":[1]}]},{"no":56,"map":[{"values":[0,0,0,4]},{"values":[5,5,5,6]},{"values":[]},{"values":[1,1,1,3]},{"values":[3,3,3,2]},{"values":[6,6,4,4]},{"values":[2,2,2,4]},{"values":[5,0,1,6]}]},{"no":57,"map":[{"values":[4,4,4,3]},{"values":[1,1,1,0]},{"values":[5,5,5,6]},{"values":[0,0,0,2]},{"values":[4,1,5,2]},{"values":[2,2,3,6]},{"values":[3,3,6,6]},{"values":[]}]},{"no":58,"map":[{"values":[6,6,6,7]},{"values":[7,7,7,4]},{"values":[1,1,1,0]},{"values":[0,0,5,3]},{"values":[4,4,4,5]},{"values":[2,2,2,3]},{"values":[6,1,2,0]},{"values":[5,5,3,3]},{"values":[]}]},{"no":59,"map":[{"values":[0,0,0,1]},{"values":[3,3,3,2]},{"values":[1,1,1,6]},{"values":[2,2,6,6]},{"values":[0,3,4,2]},{"values":[4,4,4,5]},{"values":[]},{"values":[5,5,5,6]}]},{"no":60,"map":[{"values":[4,4,4,3]},{"values":[2,2,2,1]},{"values":[0,0,0,6]},{"values":[2,4,0,1]},{"values":[3,3,3,5]},{"values":[1,1,5,6]},{"values":[6]},{"values":[5,5,6]}]},{"no":61,"map":[{"values":[2,2,2,4]},{"values":[1,1,1,6]},{"values":[6,6,7,0]},{"values":[2,1,3,5]},{"values":[3,3,3,7]},{"values":[4,4,4,0]},{"values":[5,5,5,6]},{"values":[0]},{"values":[7,7,0]}]},{"no":62,"map":[{"values":[3,3,3,0]},{"values":[4,4,4,2]},{"values":[0,0,0,6]},{"values":[3,4,1,6]},{"values":[1,1,1,5]},{"values":[2,2,6,6]},{"values":[5,5,5,2]},{"values":[]}]},{"no":63,"map":[{"values":[2,2,2,3]},{"values":[2,7,6,5]},{"values":[7,7,7,0]},{"values":[3,3,3,1]},{"values":[0,0,4,1]},{"values":[6,6,6,4]},{"values":[]},{"values":[5,5,5,0]},{"values":[1,1,4,4]}]},{"no":64,"map":[{"values":[4,4,4,0]},{"values":[5,5,5,2]},{"values":[6,6,6,1]},{"values":[4,5,6,3]},{"values":[0,0,1,3]},{"values":[2,2,2,0]},{"values":[]},{"values":[3,3,1,1]}]},{"no":65,"map":[{"values":[2,2,2,1]},{"values":[1,1,1,0]},{"values":[2,5,6,5]},{"values":[0,0,0,4]},{"values":[4,4,4,7]},{"values":[7,7,7,3]},{"values":[3]},{"values":[5,5,3,6]},{"values":[6,6,3]}]},{"no":66,"map":[{"values":[3,3,3,5]},{"values":[5,5,5,6]},{"values":[2,2,2,1]},{"values":[4,4,4,0]},{"values":[3,4,2,6]},{"values":[1]},{"values":[6,6,1,0]},{"values":[0,0,1]}]},{"no":67,"map":[{"values":[3,2,0,6]},{"values":[3,3,3,1]},{"values":[1,1,1,5]},{"values":[2,2,4,0]},{"values":[0,0,5,4]},{"values":[6,6,6,2]},{"values":[]},{"values":[4,4,5,5]}]},{"no":68,"map":[{"values":[3,3,3,0]},{"values":[6,6,6,5]},{"values":[0,0,0,4]},{"values":[3,6,2,1]},{"values":[2,2,5,1]},{"values":[5,5,1,1]},{"values":[4,4,4,2]},{"values":[]}]},{"no":69,"map":[{"values":[0,0,0,4]},{"values":[4,4,4,1]},{"values":[0,3,2,6]},{"values":[3,3,3,5]},{"values":[2,2,1,5]},{"values":[1,1,5,5]},{"values":[6,6,6,2]},{"values":[]}]},{"no":70,"map":[{"values":[3,3,3,5]},{"values":[5,5,5,0]},{"values":[3,6,2,1]},{"values":[6,6,6,4]},{"values":[2,2,0,4]},{"values":[1,1,1,2]},{"values":[0,4,0,4]},{"values":[]}]},{"no":71,"map":[{"values":[3,3,3,1]},{"values":[2,2,2,0]},{"values":[3,2,4,6]},{"values":[0,0,0,5]},{"values":[4,4,6,5]},{"values":[6,6,5,5]},{"values":[1,1,1,4]},{"values":[]}]},{"no":72,"map":[{"values":[7,7,7,2]},{"values":[8,8,8,1]},{"values":[4,4,4,6]},{"values":[2,2,2,0]},{"values":[7,8,4,3]},{"values":[6,6,6,5]},{"values":[1]},{"values":[0,0,0,1]},{"values":[3,3,1]},{"values":[5,5,5,3]}]},{"no":73,"map":[{"values":[5,5,5,7]},{"values":[2,2,2,6]},{"values":[0,0,0,3]},{"values":[7,7,7,1]},{"values":[3,3,3,8]},{"values":[1,1,4,6]},{"values":[8]},{"values":[5,2,0,1]},{"values":[6,6,8]},{"values":[4,4,4,8]}]},{"no":74,"map":[{"values":[1,7,3,2]},{"values":[3,3,3,5]},{"values":[1,1,1,0]},{"values":[7,7,7,6]},{"values":[0]},{"values":[2,2,2,4]},{"values":[4,4,4,0]},{"values":[5,5,0]},{"values":[6,6,6,5]}]},{"no":75,"map":[{"values":[0,0,0,7]},{"values":[1,1,1,4]},{"values":[2,2,2,3]},{"values":[7,7,4,5]},{"values":[3,3,3,6]},{"values":[6,6,6,5]},{"values":[0,2,1,7]},{"values":[4,4,5]},{"values":[5]}]},{"no":76,"map":[{"values":[4,4,4,7]},{"values":[1,1,1,6]},{"values":[6,6,6,2]},{"values":[3,3,3,5]},{"values":[5,5,5,0]},{"values":[7,7,0,0]},{"values":[2,2,2,7]},{"values":[]},{"values":[4,3,1,0]}]},{"no":77,"map":[{"values":[2,2,2,3]},{"values":[6,6,6,0]},{"values":[3]},{"values":[1,1,1,4]},{"values":[0,0,0,5]},{"values":[7,7,7,3]},{"values":[4,4,3]},{"values":[5,5,5,4]},{"values":[2,6,1,7]}]},{"no":78,"map":[{"values":[3,3,3,7]},{"values":[7,7,7,5]},{"values":[2,2,2,1]},{"values":[5,5,5,4]},{"values":[6,6,6,8]},{"values":[1,1,0,8]},{"values":[8,8,0,0]},{"values":[4,4,4,1]},{"values":[3,2,6,0]},{"values":[]}]},{"no":79,"map":[{"values":[0,0,0,7]},{"values":[5,5,5,3]},{"values":[4,4,4,7]},{"values":[3,3,3,2]},{"values":[6,6,6,4]},{"values":[7,7,1,2]},{"values":[2,2,1,1]},{"values":[]},{"values":[0,5,6,1]}]},{"no":80,"map":[{"values":[7,7,7,0]},{"values":[2,2,2,5]},{"values":[1,1,1,4]},{"values":[0,0,0,6]},{"values":[7,2,1,3]},{"values":[5,5,5,8]},{"values":[6,6,8,4]},{"values":[3,3,3,6]},{"values":[8,8,4,4]},{"values":[]}]},{"no":81,"map":[{"values":[5,5,5,2]},{"values":[6,6,6,3]},{"values":[2,2,2,1]},{"values":[3,3,3,4]},{"values":[0,0,0,8]},{"values":[4,4,4,7]},{"values":[1,1,8,8]},{"values":[]},{"values":[5,6,0,8]},{"values":[7,7,7,1]}]},{"no":82,"map":[{"values":[7,7,7,3]},{"values":[7,4,5,2]},{"values":[4,4,4,1]},{"values":[5,5,5,6]},{"values":[3,3,0]},{"values":[1,1,1,0]},{"values":[6,6,3,0]},{"values":[2,2,2,6]},{"values":[0]}]},{"no":83,"map":[{"values":[2,2,2,8]},{"values":[0,0,0,6]},{"values":[3,3,3,5]},{"values":[8,8,8,7]},{"values":[6,6,6,4]},{"values":[7,7,7,1]},{"values":[0,2,3,1]},{"values":[1,1,5,4]},{"values":[]},{"values":[4,4,5,5]}]},{"no":84,"map":[{"values":[2,2,2,5]},{"values":[3,3,3,4]},{"values":[5,5,5,7]},{"values":[4,4,1,0]},{"values":[6,6,6,0]},{"values":[0,0,1,1]},{"values":[7,7,7,4]},{"values":[]},{"values":[2,3,6,1]}]},{"no":85,"map":[{"values":[2,2,2,1]},{"values":[2,0,6,4]},{"values":[1,1,1,8]},{"values":[6,6,6,3]},{"values":[0,0,7,5]},{"values":[4,4,4,5]},{"values":[8,8,8,0]},{"values":[3,3,3,7]},{"values":[5]},{"values":[7,7,5]}]},{"no":86,"map":[{"values":[4,4,4,0]},{"values":[1,1,1,7]},{"values":[4,1,3,2]},{"values":[3,3,3,6]},{"values":[0,0,0,5]},{"values":[7,7,2,5]},{"values":[6,6,6,7]},{"values":[2]},{"values":[5,5,2]}]},{"no":87,"map":[{"values":[2,2,2,1]},{"values":[1,1,1,4]},{"values":[2,6,3,0]},{"values":[4,4,4,5]},{"values":[6,6,6,7]},{"values":[3,3,3,5]},{"values":[5,5,0,7]},{"values":[0,0,7]},{"values":[7]}]},{"no":88,"map":[{"values":[6,6,6,2]},{"values":[3,3,3,4]},{"values":[6,0,3,8]},{"values":[0,0,0,1]},{"values":[4,4,1,7]},{"values":[2,2,2,7]},{"values":[5,5,5,4]},{"values":[8,8,8,5]},{"values":[1,1,7]},{"values":[7]}]},{"no":89,"map":[{"values":[7,7,7,1]},{"values":[1,1,1,4]},{"values":[0,0,0,2]},{"values":[6,6,6,3]},{"values":[2,2,5]},{"values":[3,3,3,5]},{"values":[4,4,4,2]},{"values":[7,0,6,5]},{"values":[5]}]},{"no":90,"map":[{"values":[5,5,5,4]},{"values":[3,3,3,7]},{"values":[4,4,4,1]},{"values":[6,6,6,0]},{"values":[7,7,7,2]},{"values":[1,1,2]},{"values":[0,0,0,1]},{"values":[5,6,3,2]},{"values":[2]}]},{"no":91,"map":[{"values":[2,2,2,5]},{"values":[1,1,1,6]},{"values":[5,5,5,4]},{"values":[6,6,6,7]},{"values":[8,8,8,3]},{"values":[4,4,4,9]},{"values":[2,1,8,3]},{"values":[3,3,9,0]},{"values":[7,7,7,0]},{"values":[9]},{"values":[0,0,9]}]},{"no":92,"map":[{"values":[0,0,0,7]},{"values":[7,7,7,9]},{"values":[4,4,4,5]},{"values":[2,2,2,6]},{"values":[1,1,1,2]},{"values":[5,5,5,8]},{"values":[0,4,1,3]},{"values":[9,9,9,6]},{"values":[6,6,8,3]},{"values":[8,8,3,3]},{"values":[]}]},{"no":93,"map":[{"values":[9,9,9,8]},{"values":[4,4,4,6]},{"values":[2,2,2,0]},{"values":[8,8,8,7]},{"values":[6,6,6,5]},{"values":[0,0,3,1]},{"values":[5,5,5,3]},{"values":[7,7,7,1]},{"values":[9,4,2,0]},{"values":[3,3,1]},{"values":[1]}]},{"no":94,"map":[{"values":[8,8,8,5]},{"values":[0,0,0,1]},{"values":[4,4,4,3]},{"values":[8,0,4,7]},{"values":[5,5,5,6]},{"values":[3]},{"values":[1,1,1,2]},{"values":[7,7,7,3]},{"values":[6,6,3]},{"values":[2,2,2,6]}]},{"no":95,"map":[{"values":[0,0,0,1]},{"values":[8,8,8,7]},{"values":[0,8,2,3]},{"values":[2,2,2,6]},{"values":[1,1,1,4]},{"values":[7,7,7,5]},{"values":[4,4,3,5]},{"values":[3,3,5]},{"values":[6,6,6,4]},{"values":[5]}]},{"no":96,"map":[{"values":[8,8,8,9]},{"values":[7,7,7,4]},{"values":[2,2,2,6]},{"values":[9,9,9,5]},{"values":[8,7,2,0]},{"values":[4,4,4,1]},{"values":[0,0,0,3]},{"values":[6,6,3,5]},{"values":[1,1,1,6]},{"values":[3,3,5,5]},{"values":[]}]},{"no":97,"map":[{"values":[8,8,8,6]},{"values":[8,2,0,3]},{"values":[6,6,6,1]},{"values":[1,1,1,5]},{"values":[5,5,5,4]},{"values":[7,7,7,9]},{"values":[4,4,4,7]},{"values":[2,2,9,9]},{"values":[0,0,2,9]},{"values":[3,3,3,0]},{"values":[]}]},{"no":98,"map":[{"values":[8,8,8,5]},{"values":[5,5,5,7]},{"values":[7,7,7,4]},{"values":[6,6,6,2]},{"values":[8,6,9,0]},{"values":[9,9,9,1]},{"values":[4,4,3,1]},{"values":[0,0,0,3]},{"values":[2,2,2,4]},{"values":[3,1,3,1]},{"values":[]}]},{"no":99,"map":[{"values":[9,9,9,3]},{"values":[3,3,3,7]},{"values":[0,0,0,4]},{"values":[6,6,6,2]},{"values":[9,0,6,8]},{"values":[7,7,7,5]},{"values":[4,4,8,1]},{"values":[2,2,2,1]},{"values":[5,5,5,4]},{"values":[8,8,1,1]},{"values":[]}]},{"no":100,"map":[{"values":[0,0,0,3]},{"values":[6,6,6,7]},{"values":[5,5,5,1]},{"values":[3,3,3,8]},{"values":[1,1,1,4]},{"values":[7,7,7,2]},{"values":[4,4,8,2]},{"values":[0,6,5,4]},{"values":[8,8,2]},{"values":[2]}]}]}